{
  "resources": [
    "general-audio.mp3",
    "general-audio.m4a",
    "general-audio.ogg"
  ],
  "spritemap": {
    "dance-1": {
      "start": 0,
      "end": 16.03918367346939,
      "loop": true
    },
    "dance-2": {
      "start": 17.1,
      "end": 33.13918367346939,
      "loop": true
    },
    "dance-3": {
      "start": 34.2,
      "end": 50.23918367346939,
      "loop": true
    },
    "heart-bar-whoosh": {
      "start": 51.300000000000004,
      "end": 53.93836734693878,
      "loop": false
    },
    "heart-beat": {
      "start": 54.400000000000006,
      "end": 59.911836734693885,
      "loop": false
    },
    "heart-break": {
      "start": 60.50000000000001,
      "end": 61.91061224489797,
      "loop": false
    },
    "love-ending-1": {
      "start": 62.60000000000001,
      "end": 65.36897959183675,
      "loop": false
    },
    "love-ending-2": {
      "start": 65.70000000000002,
      "end": 68.46897959183676,
      "loop": false
    },
    "love-ending-3": {
      "start": 68.80000000000003,
      "end": 71.56897959183677,
      "loop": false
    },
    "love-ending-4": {
      "start": 71.90000000000003,
      "end": 76.02734693877554,
      "loop": false
    },
    "powerup-drop": {
      "start": 77.00000000000003,
      "end": 81.545306122449,
      "loop": false
    },
    "powerup-riser-wobble": {
      "start": 82.10000000000002,
      "end": 85.99224489795921,
      "loop": false
    },
    "powerup-riser": {
      "start": 86.20000000000003,
      "end": 88.23755102040819,
      "loop": false
    },
    "stun-1": {
      "start": 89.30000000000003,
      "end": 93.5057142857143,
      "loop": false
    }
  }
}