{
  "resources": [
    "ln-audio.mp3",
    "ln-audio.m4a",
    "ln-audio.ogg"
  ],
  "spritemap": {
    "body-catch-1": {
      "start": 0,
      "end": 1.4106122448979592,
      "loop": false
    },
    "body-catch-2": {
      "start": 2.1,
      "end": 3.5106122448979593,
      "loop": false
    },
    "body-hit-2": {
      "start": 4.2,
      "end": 5.610612244897959,
      "loop": false
    },
    "body-hit-3": {
      "start": 6.3,
      "end": 7.665328798185941,
      "loop": false
    },
    "body-hit-4": {
      "start": 8.4,
      "end": 9.76532879818594,
      "loop": false
    },
    "body-hit": {
      "start": 10.5,
      "end": 11.86532879818594,
      "loop": false
    },
    "confusion-1": {
      "start": 12.6,
      "end": 15.330657596371882,
      "loop": false
    },
    "confusion-2": {
      "start": 15.7,
      "end": 18.468979591836735,
      "loop": false
    },
    "electric-balb-hit-impactless": {
      "start": 18.8,
      "end": 21.568979591836737,
      "loop": false
    },
    "electric-balb-hit": {
      "start": 21.900000000000002,
      "end": 24.668979591836738,
      "loop": false
    },
    "female-romantic-2": {
      "start": 25.000000000000004,
      "end": 26.410612244897962,
      "loop": false
    },
    "ground-hit-3": {
      "start": 27.1,
      "end": 28.51061224489796,
      "loop": false
    },
    "grunt-small": {
      "start": 29.2,
      "end": 30.610612244897958,
      "loop": false
    },
    "grunt": {
      "start": 31.299999999999997,
      "end": 34.06897959183673,
      "loop": false
    },
    "human-electrified": {
      "start": 34.39999999999999,
      "end": 38.5273469387755,
      "loop": false
    },
    "male-scream-long": {
      "start": 39.49999999999999,
      "end": 46.73591836734693,
      "loop": false
    },
    "stun-1": {
      "start": 47.599999999999994,
      "end": 51.80571428571428,
      "loop": false
    },
    "thunder-strike-1": {
      "start": 52.699999999999996,
      "end": 54.11061224489796,
      "loop": false
    },
    "thunder-strike-2": {
      "start": 54.8,
      "end": 57.56897959183673,
      "loop": false
    },
    "thunder-strike-3": {
      "start": 57.89999999999999,
      "end": 60.668979591836724,
      "loop": false
    },
    "thunder-strike-4": {
      "start": 60.999999999999986,
      "end": 62.41061224489795,
      "loop": false
    },
    "thunder-strike-5": {
      "start": 63.09999999999999,
      "end": 64.51061224489794,
      "loop": false
    },
    "whistle": {
      "start": 65.19999999999999,
      "end": 67.96897959183673,
      "loop": false
    }
  }
}