{"model":{"version":3,"nodes":[{"name":"RootNode","position":[0,0,0],"rotation":[0,0,0],"scale":[1,1,1],"scaleCompensation":false},{"name":"Cube","position":[0,0,0],"rotation":[0,0,0],"scale":[1,1,1],"scaleCompensation":false}],"parents":[-1,0],"skins":[],"morphs":[],"vertices":[{"position":{"type":"float32","components":3,"data":[-0.176821,-0.0421364,0.176821,-3.72529e-09,-0.0421502,0.250028,-0.135471,-0.0134912,0.135471,0,-0.0134912,0.191515,-0.177789,-0.188439,0.177789,-0.251393,-0.188419,4.76837e-07,-0.138556,-0.26499,0.138556,-0.19585,-0.26499,4.76837e-07,-0.177789,-0.188439,-0.177788,-1.49012e-08,-0.188419,-0.251392,-0.138556,-0.26499,-0.138555,-1.49012e-08,-0.26499,-0.19585,-0.13547,-0.0134912,-0.13547,-0.250027,-0.0421502,4.76837e-07,-0.191514,-0.0134912,4.76837e-07,-0.17682,-0.0421364,-0.17682,0.135471,-0.0134912,-0.13547,0.250027,-0.0421502,2.38419e-07,0.17682,-0.0421364,-0.17682,0.191514,-0.0134912,4.76837e-07,0.251393,-0.188419,4.76837e-07,0.138556,-0.26499,-0.138555,0.177789,-0.188439,-0.177788,0.19585,-0.26499,4.76837e-07,-3.72529e-09,-0.0421502,-0.250027,0,-0.0134912,-0.191514,0.135471,-0.0134912,0.135471,-3.72529e-09,-0.0421502,0.250028,0.176821,-0.0421364,0.176821,0,-0.0134912,0.191515,0.177789,-0.188439,0.177789,-1.49012e-08,-0.188419,0.251393,0.138556,-0.26499,0.138556,-2.6077e-08,-0.26499,0.195851,-1.86265e-08,-0.338117,4.76837e-07,0,0.00195625,2.38419e-07,0.191514,-0.0134912,4.76837e-07,0.135471,-0.0134912,-0.13547,0,-0.0134912,-0.191514,-0.13547,-0.0134912,-0.13547,-0.191514,-0.0134912,4.76837e-07,-0.135471,-0.0134912,0.135471,0,-0.0134912,0.191515,0.135471,-0.0134912,0.135471,-0.273062,-0.098605,4.76837e-07,-0.1931,-0.0986067,0.1931,-0.1931,-0.0986069,-0.193099,-1.11759e-08,-0.098605,-0.273061,0.1931,-0.0986069,-0.193099,0.273062,-0.098605,4.76837e-07,0.1931,-0.0986067,0.1931,-7.45058e-09,-0.0986051,0.273062,-7.45058e-09,-0.0986051,0.273062,-1.49012e-08,-0.188419,0.251393,-2.6077e-08,-0.26499,0.195851]},"normal":{"type":"float32","components":3,"data":[-0.542283,0.641713,0.542283,0,0.641652,0.766961,-0.217048,0.95172,0.217048,0,0.954405,0.298441,-0.647542,-0.401654,0.647542,-0.915799,-0.401563,0,-0.457503,-0.762444,0.457503,-0.647023,-0.762444,0,-0.647542,-0.401654,-0.647542,0,-0.401563,-0.915799,-0.457503,-0.762444,-0.457503,0,-0.762444,-0.647023,-0.217048,0.95172,-0.217048,-0.766961,0.641652,0,-0.298441,0.954405,0,-0.542283,0.641713,-0.542283,0.217048,0.95172,-0.217048,0.766961,0.641652,0,0.542283,0.641713,-0.542283,0.298441,0.954405,0,0.915799,-0.401593,0,0.457503,-0.762444,-0.457503,0.647542,-0.401654,-0.647542,0.647023,-0.762444,0,0,0.641652,-0.766961,0,0.954405,-0.298441,0.217048,0.95172,0.217048,0,0.641652,0.766961,0.542283,0.641713,0.542283,0,0.954405,0.298441,0.647542,-0.401654,0.647542,0,-0.401593,0.915799,0.457503,-0.762444,0.457503,0,-0.762444,0.647023,0,-1,0,0,0.999969,0,0.298441,0.954405,0,0.217048,0.95172,-0.217048,0,0.954405,-0.298441,-0.217048,0.95172,-0.217048,-0.298441,0.954405,0,-0.217048,0.95172,0.217048,0,0.954405,0.298441,0.217048,0.95172,0.217048,-0.997528,0.0701621,0,-0.705344,0.0701621,0.705344,-0.705344,0.0701621,-0.705344,0,0.0701621,-0.997528,0.705344,0.0701621,-0.705344,0.997528,0.0701621,0,0.705344,0.0701621,0.705344,0,0.0701621,0.997528,0,0.0701621,0.997528,0,-0.401593,0.915799,0,-0.762444,0.647023]},"texCoord0":{"type":"float32","components":2,"data":[0.187715,0.839536,0.291232,0.983143,0.138722,0.873259,0.225178,0.999907,0.267824,0.76673,0.190616,0.680996,0.309087,0.712978,0.233131,0.647935,0.144883,0.592193,0.130636,0.5,0.191769,0.576349,0.178322,0.5,0.00746714,0.633002,0.111464,0.729947,0.0699521,0.75282,0.0619245,0.617527,0.00746723,0.366998,0.111464,0.270053,0.0619245,0.382473,0.0699522,0.24718,0.190616,0.319004,0.191769,0.423651,0.144883,0.407807,0.233131,0.352065,0.0455398,0.5,9.30763e-05,0.5,0.138722,0.126741,0.291232,0.0168572,0.187715,0.160464,0.225178,9.30763e-05,0.267824,0.23327,0.415412,0.130989,0.309087,0.287022,0.443856,0.236645,0.379747,0.5,0.929822,0.495174,0.928508,0.391494,1.00223,0.420905,1.0335,0.49386,1.00409,0.567584,0.931135,0.598854,0.857412,0.569443,0.826142,0.496488,0.855553,0.422764,0.145891,0.709334,0.223421,0.81249,0.0974156,0.607217,0.0828959,0.5,0.0974156,0.392783,0.145891,0.290666,0.223421,0.18751,0.347342,0.0504278,0.347341,0.949572,0.415412,0.869012,0.443856,0.763355]}}],"meshes":[{"aabb":{"min":[-0.273062,-0.338117,-0.273061],"max":[0.273062,0.00195625,0.273062]},"vertices":0,"indices":[0,1,2,1,3,2,4,5,6,6,5,7,8,9,10,11,10,9,12,13,14,15,13,12,16,17,18,17,16,19,5,10,7,10,5,8,20,21,22,20,23,21,16,24,25,24,16,18,26,27,28,27,26,29,9,21,11,21,9,22,30,31,32,32,31,33,17,26,28,26,17,19,32,20,30,20,32,23,24,12,25,12,24,15,13,2,14,2,13,0,10,11,34,11,21,34,34,23,32,7,34,6,35,36,37,35,37,38,35,39,40,39,35,38,41,42,35,35,40,41,43,35,42,35,43,36,44,45,0,0,13,44,4,44,5,44,4,45,44,8,5,8,44,46,44,15,46,15,44,13,47,46,15,47,15,24,8,47,9,47,8,46,22,9,47,22,47,48,47,18,48,18,47,24,49,18,17,18,49,48,49,22,48,22,49,20,49,50,30,30,20,49,28,49,17,49,28,50,28,27,51,28,51,50,51,30,50,30,51,31,52,45,4,52,4,53,0,52,1,52,0,45,53,6,54,6,53,4,6,34,54,32,33,34,34,21,23,34,7,10],"type":"triangles","base":0,"count":240}],"meshInstances":[{"node":1,"mesh":0}]}}